Produkte;Kategorie;Kaufpreis;Verkaufspreis;Gewinn in €;Gewinn in %;Verkäufe in Stück ;Gesammtgewinn;Versand ;Gewinn nach 20% rabbat in %;Gewinn nach 20% rabbat in €;Link
Wasserflaschen-Dispenser;Haushalt und Küche;20,50 €;28,99 €;8,49 €;41%;0,00 €;0,00 €;7-13 Tage;13%;2,69 €;https://cjdropshipping.com/product/desk-dispenser-electric-water-gallon-automatic-water-bottle-dispenser-rechargeable-water-dispenser-p-1621032671155597312.html (20,50€) +8€ =40%  7-13 tage
Mixer ;Haushalt und Küche;24,98 €;32,99 €;8,01 €;32%;0,00 €;0,00 €;7-13 Tage;6%;1,41 €;https://cjdropshipping.com/product/350ml-electric-juicer-blender-mixer-usb-rechargeable-machine-household-portable-blender-maker-cup-kitchen-tool-kit-p-1392009095543918592.html
Multipeler Vegetables Chopper ;Haushalt und Küche;7,92 €;16,99 €;9,07 €;115%;0,00 €;0,00 €;6-11 Tage;72%;5,67 €;https://cjdropshipping.com/product/garlic-crusher-onion-chopper-multipeler-vegetables-chopper-manual-garlic-press-machine-garlic-squeezer-kitchen-gadget-p-1633393678565781504.html
Tumbler Schwarz;Haushalt und Küche;12,85 €;19,99 €;7,14 €;56%;0,00 €;0,00 €;6-11 Tage;24%;3,14 €;https://cjdropshipping.com/product/40-oz-tumbler-with-handle-straw-insulated-stainless-steel-spill-proof-vacuum-coffee-cup-tumbler-with-lid-tapered-mug-gifts-for-valentine-lover-suitable-for-car-gym-office-travel-p-1610884907201474560.html
Tumbler Cream Weiß;Haushalt und Küche;12,85 €;19,99 €;7,14 €;56%;0,00 €;0,00 €;6-11 Tage;24%;3,14 €;https://cjdropshipping.com/product/40-oz-tumbler-with-handle-straw-insulated-stainless-steel-spill-proof-vacuum-coffee-cup-tumbler-with-lid-tapered-mug-gifts-for-valentine-lover-suitable-for-car-gym-office-travel-p-1610884907201474560.html
Tumbler Hellblau;Haushalt und Küche;12,62 €;19,99 €;7,37 €;58%;0,00 €;0,00 €;6-11 Tage;27%;3,37 €;https://cjdropshipping.com/product/40-oz-tumbler-with-handle-straw-insulated-stainless-steel-spill-proof-vacuum-coffee-cup-tumbler-with-lid-tapered-mug-gifts-for-valentine-lover-suitable-for-car-gym-office-travel-p-1610884907201474560.html
Tumbler Bay Leaves;Haushalt und Küche;11,88 €;19,99 €;8,11 €;68%;0,00 €;0,00 €;6-11 Tage;35%;4,11 €;https://cjdropshipping.com/product/40-oz-tumbler-with-handle-straw-insulated-stainless-steel-spill-proof-vacuum-coffee-cup-tumbler-with-lid-tapered-mug-gifts-for-valentine-lover-suitable-for-car-gym-office-travel-p-1610884907201474560.html
Tumbler Rostrot;Haushalt und Küche;11,88 €;19,99 €;8,11 €;68%;0,00 €;0,00 €;6-11 Tage;35%;4,11 €;https://cjdropshipping.com/product/40-oz-tumbler-with-handle-straw-insulated-stainless-steel-spill-proof-vacuum-coffee-cup-tumbler-with-lid-tapered-mug-gifts-for-valentine-lover-suitable-for-car-gym-office-travel-p-1610884907201474560.html
Tumbler Pink;Haushalt und Küche;13,42 €;19,99 €;6,57 €;49%;0,00 €;0,00 €;6-11 Tage;19%;2,57 €;https://cjdropshipping.com/product/40-oz-tumbler-with-handle-straw-insulated-stainless-steel-spill-proof-vacuum-coffee-cup-tumbler-with-lid-tapered-mug-gifts-for-valentine-lover-suitable-for-car-gym-office-travel-p-1610884907201474560.html
Tumbler Rosa;Haushalt und Küche;12,62 €;19,99 €;7,37 €;58%;0,00 €;0,00 €;6-11 Tage;27%;3,37 €;https://cjdropshipping.com/product/40-oz-tumbler-with-handle-straw-insulated-stainless-steel-spill-proof-vacuum-coffee-cup-tumbler-with-lid-tapered-mug-gifts-for-valentine-lover-suitable-for-car-gym-office-travel-p-1610884907201474560.html
Tumbler Hell Lila;Haushalt und Küche;13,15 €;19,99 €;6,84 €;52%;0,00 €;0,00 €;6-11 Tage;22%;2,84 €;https://cjdropshipping.com/product/40-oz-tumbler-with-handle-straw-insulated-stainless-steel-spill-proof-vacuum-coffee-cup-tumbler-with-lid-tapered-mug-gifts-for-valentine-lover-suitable-for-car-gym-office-travel-p-1610884907201474560.html
Tumbler Weiß;Haushalt und Küche;14,45 €;19,99 €;5,54 €;38%;0,00 €;0,00 €;6-11 Tage;11%;1,54 €;https://cjdropshipping.com/product/40-oz-tumbler-with-handle-straw-insulated-stainless-steel-spill-proof-vacuum-coffee-cup-tumbler-with-lid-tapered-mug-gifts-for-valentine-lover-suitable-for-car-gym-office-travel-p-1610884907201474560.html
Tumbler Marina;Haushalt und Küche;11,88 €;19,99 €;8,11 €;68%;0,00 €;0,00 €;6-11 Tage;35%;4,11 €;https://cjdropshipping.com/product/40-oz-tumbler-with-handle-straw-insulated-stainless-steel-spill-proof-vacuum-coffee-cup-tumbler-with-lid-tapered-mug-gifts-for-valentine-lover-suitable-for-car-gym-office-travel-p-1610884907201474560.html
Tumbler Weihnachtszauber;Haushalt und Küche;13,42 €;19,99 €;6,57 €;49%;0,00 €;0,00 €;6-11 Tage;19%;2,57 €;https://cjdropshipping.com/product/40-oz-tumbler-with-handle-straw-insulated-stainless-steel-spill-proof-vacuum-coffee-cup-tumbler-with-lid-tapered-mug-gifts-for-valentine-lover-suitable-for-car-gym-office-travel-p-1610884907201474560.html
Tumbler Merry Christmas;Haushalt und Küche;13,42 €;19,99 €;6,57 €;49%;0,00 €;0,00 €;6-11 Tage;19%;2,57 €;https://cjdropshipping.com/product/40-oz-tumbler-with-handle-straw-insulated-stainless-steel-spill-proof-vacuum-coffee-cup-tumbler-with-lid-tapered-mug-gifts-for-valentine-lover-suitable-for-car-gym-office-travel-p-1610884907201474560.html
Tumbler Stohhalm;Haushalt und Küche;3,71 €;4,99 €;1,28 €;35%;0,00 €;0,00 €;6-11 Tage;8%;0,28 €;https://cjdropshipping.com/product/40-oz-tumbler-with-handle-straw-insulated-stainless-steel-spill-proof-vacuum-coffee-cup-tumbler-with-lid-tapered-mug-gifts-for-valentine-lover-suitable-for-car-gym-office-travel-p-1610884907201474560.html
2 in 1 Öl Sprayer Flasche;Haushalt und Küche;11,33 €;18,99 €;7,66 €;68%;0,00 €;0,00 €;6-11 Tage;34%;3,86 €;https://cjdropshipping.com/product/2-in-1-oil-sprayer-bottle-bbq-cooking-oil-dispenser-olive-oil-pourers-sprayer-kitchen-baking-oil-mister-vinegar-bottle-p-1715574082122551296.html
Wärmender Untersetzter Pink ;Haushalt und Küche;11,33 €;16,99 €;5,66 €;50%;0,00 €;0,00 €;7-13 Tage;20%;2,26 €;https://cjdropshipping.com/product/coffee-mug-warmer-warm-coaster-smart-heating-cup-thermal-insulation-constant-temperature-coaster-heating-pad-desktop-p-1642512124880621568.html
Wärmender Untersetzter Grün;Haushalt und Küche;11,33 €;16,99 €;5,66 €;50%;0,00 €;0,00 €;7-13 Tage;20%;2,26 €;https://cjdropshipping.com/product/coffee-mug-warmer-warm-coaster-smart-heating-cup-thermal-insulation-constant-temperature-coaster-heating-pad-desktop-p-1642512124880621568.html
Wärmender Untersetzter Weiß;Haushalt und Küche;11,33 €;16,99 €;5,66 €;50%;0,00 €;0,00 €;7-13 Tage;20%;2,26 €;https://cjdropshipping.com/product/coffee-mug-warmer-warm-coaster-smart-heating-cup-thermal-insulation-constant-temperature-coaster-heating-pad-desktop-p-1642512124880621568.html
Anti lost finder;Technik/Gadgets;4,47 €;6,99 €;2,52 €;56%;0,00 €;0,00 €;8-15 Tage;25%;1,12 €;https://cjdropshipping.com/product/water-drop-bluetooth-compatible-anti-lost-object-finder-p-9FA9912D-F0AF-42A9-B2AF-FA05AD14E1E3.html 
Home electronic Clock;Technik/Gadgets;8,60 €;14,99 €;6,39 €;74%;0,00 €;0,00 €;7-13 Tage;39%;3,39 €;https://cjdropshipping.com/product/home-electronic-clock-p-135B501D-9ECC-4116-AA18-DD403DE2E4EC.html
Mini Thermal Drucker Grün;Technik/Gadgets;19,78 €;26,99 €;7,21 €;36%;0,00 €;0,00 €;7-13 Tage;9%;1,81 €;https://cjdropshipping.com/product/portable-mini-thermal-label-printer-home-photo-printer-student-wrong-question-printer-bluetooth-compatible-mini-label-printer-price-tag-p-1465145114119770112.html
Mini Thermal Drucker Blau;Technik/Gadgets;19,78 €;26,99 €;7,21 €;36%;0,00 €;0,00 €;7-13 Tage;9%;1,81 €;https://cjdropshipping.com/product/portable-mini-thermal-label-printer-home-photo-printer-student-wrong-question-printer-bluetooth-compatible-mini-label-printer-price-tag-p-1465145114119770112.html
Mini Thermal Drucker Pink ;Technik/Gadgets;19,78 €;26,99 €;7,21 €;36%;0,00 €;0,00 €;7-13 Tage;9%;1,81 €;https://cjdropshipping.com/product/portable-mini-thermal-label-printer-home-photo-printer-student-wrong-question-printer-bluetooth-compatible-mini-label-printer-price-tag-p-1465145114119770112.html
Mini Thermal Drucker Gelb;Technik/Gadgets;19,78 €;26,99 €;7,21 €;36%;0,00 €;0,00 €;7-13 Tage;9%;1,81 €;https://cjdropshipping.com/product/portable-mini-thermal-label-printer-home-photo-printer-student-wrong-question-printer-bluetooth-compatible-mini-label-printer-price-tag-p-1465145114119770112.html
Mini Thermal Drucker Weiß;Technik/Gadgets;19,78 €;26,99 €;7,21 €;36%;0,00 €;0,00 €;7-13 Tage;9%;1,81 €;https://cjdropshipping.com/product/portable-mini-thermal-label-printer-home-photo-printer-student-wrong-question-printer-bluetooth-compatible-mini-label-printer-price-tag-p-1465145114119770112.html
Style A Rollen;Technik/Gadgets;7,12 €;8,99 €;1,87 €;26%;0,00 €;0,00 €;7-13 Tage;1%;0,07 €;https://cjdropshipping.com/product/portable-mini-thermal-label-printer-home-photo-printer-student-wrong-question-printer-bluetooth-compatible-mini-label-printer-price-tag-p-1465145114119770112.html
Style B Rollen;Technik/Gadgets;7,01 €;8,99 €;1,98 €;28%;0,00 €;0,00 €;7-13 Tage;3%;0,18 €;https://cjdropshipping.com/product/portable-mini-thermal-label-printer-home-photo-printer-student-wrong-question-printer-bluetooth-compatible-mini-label-printer-price-tag-p-1465145114119770112.html
Style C Rollen;Technik/Gadgets;7,72 €;8,99 €;1,27 €;16%;0,00 €;0,00 €;7-13 Tage;-7%;-0,53 €;https://cjdropshipping.com/product/portable-mini-thermal-label-printer-home-photo-printer-student-wrong-question-printer-bluetooth-compatible-mini-label-printer-price-tag-p-1465145114119770112.html
Tragbarer Beamer Weiß;Technik/Gadgets;58,86 €;74,99 €;16,13 €;27%;0,00 €;0,00 €;7-13 Tage;2%;1,13 €;https://cjdropshipping.com/product/portable-projector-small-straight-projector-for-home-use-180-degrees-projection-angle-automatic-focus-home-video-projector-p-1684089880936194048.html
Tragbarer Beamer Silber;Technik/Gadgets;59,30 €;74,99 €;15,69 €;26%;0,00 €;0,00 €;7-13 Tage;1%;0,69 €;https://cjdropshipping.com/product/portable-projector-small-straight-projector-for-home-use-180-degrees-projection-angle-automatic-focus-home-video-projector-p-1684089880936194048.html
Klimaanlage mit Display;Technik/Gadgets;20,59 €;28,99 €;8,40 €;41%;0,00 €;0,00 €;7-13 Tage;13%;2,60 €;https://cjdropshipping.com/product/air-conditioner-air-cooler-fan-water-cooling-fan-air-conditioning-for-room-office-portable-air-conditioner-cars-p-1665166365889662976.html
Distance Measuring Instrument Electronic;Technik/Gadgets;13,39 €;19,99 €;6,60 €;49%;0,00 €;0,00 €;7-13 Tage;19%;2,60 €;https://cjdropshipping.com/product/distance-measuring-instrument-electronic-measuring-ruler-tape-measure-high-definition-digital-lcd-high-precision-electronic-measuring-ruler-tool-p-0E94A308-8CE9-4FAF-8B82-39FFF20AA837.html
Indoor Sensing Wall Lamp Schwarz;Beleuchtung;9,92 €;17,99 €;8,07 €;81%;0,00 €;0,00 €;7-13 Tage;45%;4,47 €;https://cjdropshipping.com/product/indoor-sensing-usb-charging-wall-lamp-p-1373821404948074496.html
Indoor Sensing Wall Lamp Weiß;Beleuchtung;9,92 €;17,99 €;8,07 €;81%;0,00 €;0,00 €;7-13 Tage;45%;4,47 €;https://cjdropshipping.com/product/indoor-sensing-usb-charging-wall-lamp-p-1373821404948074496.html
LED Water in Crown ;Beleuchtung;8,88 €;18,99 €;10,11 €;114%;0,00 €;0,00 €;7-13 Tage;71%;6,31 €;https://cjdropshipping.com/product/waterproof-new-rgb-led-solar-light-step-fence-light-p-1363045794600587264.html
Led Water Wooden base;Beleuchtung;10,50 €;18,99 €;8,49 €;81%;0,00 €;0,00 €;7-13 Tage;45%;4,69 €;https://cjdropshipping.com/product/waterproof-new-rgb-led-solar-light-step-fence-light-p-1363045794600587264.html
Crystal Ball Mond;Beleuchtung;8,57 €;13,99 €;5,42 €;63%;0,00 €;0,00 €;6-11 Tage;31%;2,62 €;https://cjdropshipping.com/product/luminous-starry-sky-and-planets-moon-moon-crystal-ball-small-night-lamp-projection-ambience-light-creative-gift-new-strange-gift-p-1555129918592397312.html
Crystal Ball Riesenrad;Beleuchtung;8,63 €;13,99 €;5,36 €;62%;0,00 €;0,00 €;6-11 Tage;30%;2,56 €;https://cjdropshipping.com/product/luminous-starry-sky-and-planets-moon-moon-crystal-ball-small-night-lamp-projection-ambience-light-creative-gift-new-strange-gift-p-1555129918592397312.html
Crystal Ball Wassermolch;Beleuchtung;7,72 €;13,99 €;6,27 €;81%;0,00 €;0,00 €;6-11 Tage;45%;3,47 €;https://cjdropshipping.com/product/luminous-starry-sky-and-planets-moon-moon-crystal-ball-small-night-lamp-projection-ambience-light-creative-gift-new-strange-gift-p-1555129918592397312.html
Crystal Ball Saturn;Beleuchtung;????????????;13,99 €;#WERT!;#WERT!;0,00 €;0,00 €;6-11 Tage;#WERT!;#WERT!;https://cjdropshipping.com/product/luminous-starry-sky-and-planets-moon-moon-crystal-ball-small-night-lamp-projection-ambience-light-creative-gift-new-strange-gift-p-1555129918592397312.html
Crystal Ball Segelboot;Beleuchtung;9,69 €;13,99 €;4,30 €;44%;0,00 €;0,00 €;6-11 Tage;16%;1,50 €;https://cjdropshipping.com/product/luminous-starry-sky-and-planets-moon-moon-crystal-ball-small-night-lamp-projection-ambience-light-creative-gift-new-strange-gift-p-1555129918592397312.html
Crystal Ball Schneemann;Beleuchtung;8,39 €;13,99 €;5,60 €;67%;0,00 €;0,00 €;6-11 Tage;33%;2,80 €;https://cjdropshipping.com/product/luminous-starry-sky-and-planets-moon-moon-crystal-ball-small-night-lamp-projection-ambience-light-creative-gift-new-strange-gift-p-1555129918592397312.html
Crystal Ball Sternenhimmel;Beleuchtung;9,69 €;13,99 €;4,30 €;44%;0,00 €;0,00 €;6-11 Tage;16%;1,50 €;https://cjdropshipping.com/product/luminous-starry-sky-and-planets-moon-moon-crystal-ball-small-night-lamp-projection-ambience-light-creative-gift-new-strange-gift-p-1555129918592397312.html
Waterproof RGB;Beleuchtung;8,43 €;12,99 €;4,56 €;54%;0,00 €;0,00 €;7-13 Tage;23%;1,96 €;https://cjdropshipping.com/product/waterproof-new-rgb-led-solar-light-step-fence-light-p-1363045794600587264.html
Nordic Crystall Lampe Schwarz;Beleuchtung;15,25 €;24,99 €;9,74 €;64%;0,00 €;0,00 €;7-13 Tage;31%;4,74 €;https://cjdropshipping.com/product/nordic-crystal-lamp-usb-table-lamps-bedroom-touch-dimming-atmosphere-diamond-night-light-rose-projector-lamp-decor-p-1419937361378283520.html
Nordic Crystall Lampe Weiß;Beleuchtung;15,25 €;24,99 €;9,74 €;64%;0,00 €;0,00 €;7-13 Tage;31%;4,74 €;https://cjdropshipping.com/product/nordic-crystal-lamp-usb-table-lamps-bedroom-touch-dimming-atmosphere-diamond-night-light-rose-projector-lamp-decor-p-1419937361378283520.html
Nordic Crystall Lampe Gelb;Beleuchtung;15,25 €;24,99 €;9,74 €;64%;0,00 €;0,00 €;7-13 Tage;31%;4,74 €;https://cjdropshipping.com/product/nordic-crystal-lamp-usb-table-lamps-bedroom-touch-dimming-atmosphere-diamond-night-light-rose-projector-lamp-decor-p-1419937361378283520.html
4 In 1 Self Cleaning Hair Brush ;Körperpflege/Wellness;6,41 €;11,99 €;5,58 €;87%;0,00 €;0,00 €;6-11 Tage;50%;3,18 €;https://cjdropshipping.com/product/4-in-1-self-cleaning-hair-brush-new-self-cleaning-anti-static-massage-comb-scalable-rotate-lifting-self-cleaning-hairbrush-p-1711943102027542528.html
Aroma Öl Diffusor ;Körperpflege/Wellness;15,38 €;28,99 €;13,61 €;88%;0,00 €;0,00 €;7-13 Tage;51%;7,81 €;https://cjdropshipping.com/product/volcanic-flame-aroma-essential-oil-diffuser-usb-portable-jellyfish-air-humidifier-night-light-lamp-fragrance-humidifier-p-1602125961166860288.html
Aroma Öl;Körperpflege/Wellness;4,70 €;8,99 €;4,29 €;91%;0,00 €;0,00 €;10-30 Tage;53%;2,49 €;https://cjdropshipping.com/product/aromatherapy-essential-oil-humidifier-p-09477003-744E-4989-90DA-187CCB640556.html
Gesichtssauna Blau;Körperpflege/Wellness;10,11 €;19,99 €;9,88 €;98%;0,00 €;0,00 €;7-13 Tage;58%;5,88 €;https://cjdropshipping.com/product/spray-moisturizing-device-face-steamer-beauty-device-p-1560496709854310400.html
Gesichtssauna Weiß;Körperpflege/Wellness;10,11 €;19,99 €;9,88 €;98%;0,00 €;0,00 €;7-13 Tage;58%;5,88 €;https://cjdropshipping.com/product/spray-moisturizing-device-face-steamer-beauty-device-p-1560496709854310400.html
Thermische Massage Weiß;Körperpflege/Wellness;14,97 €;21,99 €;7,02 €;47%;0,00 €;0,00 €;7-13 Tage;18%;2,62 €;https://cjdropshipping.com/product/ems-thermal-neck-lifting-and-tighten-massager-electric-microcurrent-wrinkle-remover-p-1720366333747015680.html
Thermische Massage Schwarz;Körperpflege/Wellness;14,79 €;21,99 €;7,20 €;49%;0,00 €;0,00 €;7-13 Tage;19%;2,80 €;https://cjdropshipping.com/product/ems-thermal-neck-lifting-and-tighten-massager-electric-microcurrent-wrinkle-remover-p-1720366333747015680.html
Mitesserentferner Gerät;Körperpflege/Wellness;8,42 €;17,99 €;9,57 €;114%;0,00 €;0,00 €;7-13 Tage;71%;5,97 €;https://cjdropshipping.com/product/blackhead-instrument-electric-suction-facial-washing-instrument-beauty-acne-cleaning-blackhead-suction-instrument-p-04A29CAE-6088-43FB-8650-97F506FC5784.html
Proffesioneller 5 in 1 Haar Trockner ;Körperpflege/Wellness;47,12 €;59,99 €;12,87 €;27%;0,00 €;0,00 €;7-13 Tage;2%;0,87 €;https://cjdropshipping.com/product/professional-5-in-1-hair-dryer-brush-dryer-and-straightening-brush-electric-hair-styling-tool-automatic-hair-curler-beauty-supplies-gadgets-p-1490985480433569792.html
Jade Stein Weiß;Körperpflege/Wellness;7,08 €;11,99 €;4,91 €;69%;0,00 €;0,00 €;6-11 Tage;35%;2,51 €;https://cjdropshipping.com/product/jade-scraping-tablets-jade-scraping-massager-p-1359775414209351680.html
Jade Stein Grün;Körperpflege/Wellness;7,79 €;11,99 €;4,20 €;54%;0,00 €;0,00 €;6-11 Tage;23%;1,80 €;https://cjdropshipping.com/product/jade-scraping-tablets-jade-scraping-massager-p-1359775414209351680.html
Jade Stein Pink;Körperpflege/Wellness;7,15 €;11,99 €;4,84 €;68%;0,00 €;0,00 €;6-11 Tage;34%;2,44 €;https://cjdropshipping.com/product/jade-scraping-tablets-jade-scraping-massager-p-1359775414209351680.html
Elektronische Premium Jade Stein;Körperpflege/Wellness;23,09 €;29,99 €;6,90 €;30%;0,00 €;0,00 €;7-13 Tage;4%;0,90 €;https://cjdropshipping.com/product/electric-guasha-massager-ems-face-lifting-remove-edema-firming-skin-clod-heat-body-scraping-therapy-skincare-beauty-device-p-1792088342058770432.html
